id,nombre,telefono,correo
1,Ker,917-459-1263,kmacilriach0@digg.com
2,Kinny,827-964-6970,kgutowska1@joomla.org
3,Ralph,464-563-5668,rpoytress2@alibaba.com
4,Hewe,864-178-0343,hrowat3@sciencedirect.com
5,Rex,103-645-3862,rwaterstone4@upenn.edu
6,Mariette,215-994-2872,mgullis5@hatena.ne.jp
7,Filbert,700-784-8168,fnicholes6@xing.com
8,Desiree,728-342-5962,dhunnaball7@dagondesign.com
9,Luigi,892-477-3935,lbartolomeo8@ameblo.jp
10,Carlee,778-855-8228,cmyhill9@guardian.co.uk
11,Herve,813-998-3612,hjossela@google.com.hk
12,Daryle,165-419-6349,dkuhlb@tripadvisor.com
13,Dulce,205-142-9723,dstarmerc@macromedia.com
14,Lenci,307-767-3178,lfraysd@newsvine.com
15,Terrel,478-777-0873,tstebbingse@goo.gl
16,Zelig,139-716-7507,zdickonf@dot.gov
17,Anica,570-916-8957,amckimmeyg@yandex.ru
18,Dorothee,490-456-1728,dmacareeh@house.gov
19,Haven,208-949-6576,hharioti@harvard.edu
20,Troy,513-108-3402,tlampaertj@spotify.com
21,Chaunce,543-718-0920,cgrievesonk@unc.edu
22,Kennett,766-663-5586,kmckelveyl@cbslocal.com
23,Pat,356-875-6021,pwhittenm@usatoday.com
24,Dyanna,429-265-4128,djepsonn@constantcontact.com
25,Carey,211-294-4328,csilvertono@spotify.com
26,Ahmed,581-876-5850,abuddlep@bizjournals.com
27,Ericha,625-865-2200,eolahyq@mac.com
28,Shari,691-718-9372,sschefflerr@businessweek.com
29,Agnese,136-119-1626,aangelinis@blogger.com
30,Bobine,516-750-2846,bburgt@fastcompany.com
31,Laetitia,597-729-3884,lrubinovitchu@tiny.cc
32,Jaquith,236-609-5580,jdanilovichv@blinklist.com
33,Katalin,129-143-2821,ktorrancew@webeden.co.uk
34,Hetty,561-862-3100,hcressorx@devhub.com
35,Abraham,908-568-7259,acroasdaley@squarespace.com
36,Cher,156-877-2897,crosierz@apple.com
37,Lucas,448-802-8932,ljaves10@paginegialle.it
38,Doe,212-230-1510,dayer11@csmonitor.com
39,Jaclin,290-494-3685,jwillisch12@com.com
40,Pauly,571-405-1579,pblackbourn13@house.gov
